Sender Address,Transaction Hash,Status,Time Taken
0x40265CBD5beBBA9Cf20964675ca89a9baF4c770c,0x8f6ead3ac1017c594c7dbf0f4cd22e41536db9176511b29e2bcf3d04ed20dff8,Success,9.84s
0xB6Cb10F0714C16FAD693696dA5D650D84d45d86B,0xae3b991fadd1d5c57e54808758e830db0f2ff50b5fcf531c602bc64d6727ca82,Success,11.07s
0x8c00c5DFa6E7F4523e7f07c4Df1367F8f54250f2,0xb6516ae2a5fa14c38f80cd18ba655c6f82a9bdb94fd34699a5212be7ac86593f,Success,9.68s
0xec2099E00724E80034ebf98b3C4b415f446dEb9E,0xde97478ce6dd2906ef8e78b2a35d12e5337a6e0b6b2d9b9708e22aa333861ce6,Success,11.83s
0xB9d108cB616c639BD5A39999Acf315fa60380eDE,0x44919ec8a4556b5dded4d5d116fed86e8a5c1921a28fe03b52b181bc8d5b973a,Success,11.91s
0xFc11D6AA96B0938De639E27DB771aA0e85aDafe9,0xd636614cc4954c338c1c1cca74f8e4811140335bee19b7394900fd6523560065,Success,11.05s
0x6C3c91E56af1913BD39299C93CeFd2483c75972f,0xa62dfccc67c9f5c3979f4c4f38839a7d74ce700b379183e352c1c66c85816851,Success,11.91s
0x3384cacD8093d977D6810520FEfa8cF14eA8df3e,0xa6c02000939f4c2c78f963670612747cd4f5303934a7a25e97b6851df7ab2415,Success,12.88s
0x3333d923F677D07c1e7D218e0A4743eeD2406Ec4,0x728e03b400ec8202b0a06feb7204a79b80fb25d9c807db5422dd14ea4909bdbb,Success,19.11s
0x4Ca0706f6468de67C89403623558e75f222bbFbD,0xf59f17479a6a4ee98275c1d37901b4053303488aaebd0cdf1e8a24e68c18f0f0,Success,20.41s
0x9577Ba436f31D3847055E3F303E654f6Bc5A651C,0x31a97fd9ead830ae6b31d126f7fa83b4a0461328e833f0b75820f5c35e7489b6,Success,1.82s
0x7D03494b54B324479FCeF55eB2feF3B1b39e7305,0x02071d1b57bde314aad7b93b5c1a18a96423e44c2e7ac03a6f51a1d856e3be16,Success,20.25s
0xD78311Cd4c82a0cA74e6F16C7548F93A7781b631,0x23c5afec70712ee6db7775e4679f3b7ab77d2ef9f1377008c9331f76f7bb630c,Success,6.24s
0xBC3c5F0eaC75f8AAa3BEFC2E60621d6a44Aa1bd7,0xc519999a55f3044bdc2a7b49dda35dd78ab7c276e21c2e1abc4d9434eaf5b2d2,Success,2.93s
0xcc93F6aeB6e9B47ECA38eeB88201271e12805086,0x80bffb02e7aadb9ff344d3e48c5b2a96e661d880ab45552ddb028e7f0ede55b4,Success,6.56s
0x8EA2748990307e70dd1493e8615c346b72E4E9d9,0x419525181b27407b1f6d05929b2d66881bb200cb5a3583c6975f85711bbcacc1,Success,25.65s
0x40B39861DE9591fFAd23921778a017Ba750Ce226,0x611aa9f324bcb12416e3a9d9ad08e7aa05e07e08387bd38a1c5b402493d4ac44,Success,4.89s
0xA20DBce4e31F3bFD9A4a0f4ed8EFb3Fad052fbdd,0x5ad0fd95a2bde87c4a902531277c31661c37e26bd69230b42e2c3cb2d8e579d7,Success,26.79s
0x9396Da3478775060a4Bac0533da971330dCEba11,0xc202a1108452a0096167da18065609fe2f5004fef2577d719685d857cd980efc,Success,29.03s
0x58665000c9Cc94ec98778bB3e8e240A004fEABAC,0xc1c17a9b014016cdc480139a9a9d184a6d1c53ca340afc536e58a3b11c59210e,Success,6.43s
0xc66C43Ce7f39bE9FC2Fd2eC54B0610695A76A53D,0x59cde8dcbcbeabe663a220d1ef810931691a8b4214138653287f0f33271f949a,Success,6.03s
0xDfcb9855D156F95096790C0867DEC72016Cbb7D7,0xe002ec51bde8c2b9a1c621d653ab5dd30d237e48903bf3a312a2392c1a86c1ae,Success,28.30s
0x7691C989bA7be432d8d047eFB39773301a7327CA,0xf33dd9967d7c00f4eb9399096f8fe2f36c6e6db7720e62acf874e386404f7403,Success,30.68s
0x976d5260963d78ccab6c627ade12be291698dBD5,0x9e331d9883df504e4f1f6a9657314426846b49ce2f56889d9c31bc5a26c73ced,Success,6.70s
0x035B77Dd2619E6CBc0f75DbBC9F0582032CaD800,0xad1c6c0327ed969a93a3fcae1113f7cb5f52ec87a061c4d67681213cd28af498,Success,1.77s
0x9c219FbA2806f6F7861457E840aaCc51b51D2fd1,0x6e90e66849434d9492424f4bc101ea92da3ea64682b6d56e4aa7feded94e2ecf,Success,1.90s
0xC7842B04DeFc906714800dB51605523EAf25813f,0x21563e0b96f059aa03f03bdd0911d1ef8659711cafa05a11765b745f12c8f36c,Success,1.97s
0x0063D7406EAB77B4eEDe98c746412cB969020931,0x979542a54b884a9a5a0f5dab12a9670d32cafc2ff34ee416beb1e051681beaf5,Success,7.07s
0x8dcfB069A27FFEe8b0330255Ede6d768781f48c0,0xee3e53ddc12f246f19ccd0af5f9fdd8dd258e09626b56c7717ec2e749a9d6bdb,Success,9.55s
0xc0e660dAEf342B9db15db95DDc5A88D41714e7b3,0x685ae31783248709f141a34b537fab2d89c73516144fb91460684505ad2eac5c,Success,1.86s
0x36780296fa88B1CC671784cD54952520184fDB9a,0x6140a615079783e07ad085767fbdbdb99a2a4bc0a21a2005005e77a19a6a951e,Success,1.84s
0x8F7c3bA91Ee28bCA4d5A059eed2c030c3226d18e,0x2ff87b27131049820b11ccef9cbcdd5877f4967da1e886135d96763d6dc81ae3,Success,1.81s
0x66ed23cFc08d680909578f0313E3471A236a883A,0xf7482f09f350312cb52408e1e8b0630d181c1f1d0e76eeec9ec14769263ec237,Success,20.76s
0x32f4026556E9c198c25B19F15a53F23C7dCedCe5,0xe47c82be1e09493c34e8dbbae4d531146f7b6f4428309fd366b32d3fb265e615,Success,2.82s
0xd5db2C1be54921636B06b799b62eeE55945B489A,0xc0905a0a61dc493342d16036fefdffb272f50f2c617baef2be97019e73a0b5f1,Success,2.25s
0x61774ff1c948b1A75d482D86631bEC98B11E167A,0xa65acee1dda755b87927cb6c447c3110c19b78264c11a8112665bcb714033575,Success,34.44s
0x10a9C678b607CD8A3E005991d207f5c0cF2CC5B5,0xf68bf3f2a72527147f87bd8ed0eae433c6ecab2dd1d10858dd9ddeded149771d,Success,3.25s
0xAe0AE2Ff844dd7D1d4A4b3CA3F854e0Fd83E1045,0x6f0a69758a8750e58ce7790b7249a265745264b3e3cfdfde29ce3d3a104f463c,Success,34.97s
0xB0E361F1D2EA24AF43C9C462d8860EB9f6bE047b,0x53890386d7e6288b28dd76d8d2f3d01a7de665296c626ceb50bd52fc354058ac,Success,1.81s
0xf0ad7a928d9D2D07c19831BFD716d8C9E014305F,0x52aa647245ce143eaf825aa7ffab435a06ef0f5f1fe451393c607c4b3db68138,Success,2.12s
0x8543Ab1AbA99f1CD2FD956309Ab225BAd44543e2,0x5cee8713e7c0c3b1ec77f2d247291ef70a444cbd99308ee324d7af6a3c140710,Success,36.35s
0x46E9A3ad80158cbBA016C513E650448605c57D76,0x059b327d56d9aa1042cdbc23e86111c0a119e04651d55adc6c5f831b105a8d8e,Success,35.50s
0xFB870888Bd0e46d563cA550a37cDBE5525745043,0x043b91305d3d72806c7dbd4cc9192424a6c0abe4d01c720609e6dadbbff5b747,Success,37.49s
0x24558060b6A50bF82E3eD477F5c7b99E2c847C0f,0x2a19e4668a535ebca4c07b7cfac410ba34d39cb7cb58b4b16e5eb713717d9da3,Success,1.94s
0xA56d40F3EC10C5d084C3b579b1C837c395DEa0c7,0x58c62c8e784c24b89cc6be01428ac2564a6caa84f42b521bf95791ccd6fe24f5,Success,36.65s
0xd8923cDA14909d2201e895EdA579cceD5A70Afb4,0x28ec90b3927e8dccfb37cc780b7083522240deba9f47d2f760146846a6eef95d,Success,36.86s
0x31999D675bC8CD84E2428F261A536262b1328B98,0xfcbe3c833a72969ba6adf519b907ffe5afccf60274ccecfb1b3ef350989ff3b0,Success,39.12s
0xBEc1983EBDFD063678b12607aC3FC59F54def7De,0x4f3d96456f3aeaf0c8d4c54fcf366878edb2cc7d31480ca1fc451b54e152591a,Success,3.95s
0x0AB98b54c5831681B4AD98CfDfb4d02B7C536a8a,0x5f3c9e9b052c8ae649d45c19b19d60741c5f55d28d74bd47ffc2e0652fdb16cc,Success,36.72s
0xFE878C0d048fa999BB9327De43277f0B0D2085b2,0xd9702be6abafb621deff36501f216fc57b188de94b6e80e3cef075c01e532b4d,Success,2.29s
0xEc3cE11803D122e2D59140C32787c3dcb24D0497,0x46338abd903a5a08dcb1bb6bd272261268505b3541e7741b8e173b049ef71508,Success,3.47s
0x6054642a788de55B15FA2B5A6E05a9a64723F001,0x5c869ab098d63b1d9865c7b0cc2d1750586391de88dc7ac1f32190875b11be04,Success,1.92s
0x9CCfdcE4B4455B1aF9c4216cdc67Dc7f45d335a9,0x6254620455b025f2fa9d38009518757cda54593a3dbb34275ad3c8f795a26d82,Success,1.51s
0x8d18170df6Dd2D964b4dF9258cf04B86d92F5F80,0x4f7cdf196c1fef0ba7a82ac8ba579cdd25457e28163acb33aa943b76db2bf054,Success,3.49s
0x968E6465a6C397eCf346bC9270fA0C03554b911d,0x3ed8d17543de6bb6afb92b19a78c63f5a240d7c293ebaeb3d34fa875b01246ca,Success,41.63s
0x1bd70098b0317a833Ea4ec9131aF2A8BB95AAd9A,0x74ff0f5771b844abdb084019c68e7eea84ebe62dc721447968c742d582863471,Success,1.75s
0xDcE8e203d61a00f7e4e389DB7a4316365B98E622,0xef2b78b4103bcd54f8656539fa94ccc9637cea5cba439abd84475290e1892817,Success,2.84s
0x734D1Aab952916ABDF34521EC2B565C0aE1b2e44,0xded4bc99c2792d079a54634d6cd2867c036137b9b7c1749b7ab1775cdd292f2f,Success,1.97s
0xE029286fa8D2B31cD9A95BDCBA862541BB128d86,0xee70bf57b043846893c781839d631626847d7c52c5b3c1451fe9f760af6b886a,Success,2.05s
0x46Ae5dAF0F8f0254EC34fd0F7fA02DCf1Ac2b7A5,0xfc437082ae2ed8969b080d5ddc14380db72c26b0423e67e68acb0c098ebdc111,Success,42.40s
0x8fB39e58E6358501ae63295b00C7d7C06297Afbf,0x57b9524b126fac8b234b198542ea59569c2293fa4cd337b3c2e04ba10a2d7e9a,Success,2.66s
0xe7883E895123Ea24684Af057C9185a99a4508478,0x9d441647d0c4acfa873b7dcc3f9cec13b46b3715e826fd8a721e93773eef2497,Success,1.85s
0x654e0ae4cddeA88231E8BDd00ed3E58b2ba497a6,0xdc47fe435f60d15fa2aa2311236c10d3ea4735f14efe32cbe4fced289ef2f99b,Success,1.87s
0x39614F87806873947933eda728d5F8dd367D49bb,0x7662ce61a25c7f3c805a9675f85622b45edf12a63dc5019e6179105520c5651b,Success,2.24s
0xe5bba2875a8b32708CbE7Ae0c6CbF7bf665D2fE2,0x275303d00bb3e2ea0a138b7ee49ef0cd41b61c4c98225274d53bf1348e9558e7,Success,43.89s
0x57290Aeb734f5c86330d821454060a9602ae6c2e,0x6770147990460109bb0915c9956b7e223b21c9ae36670ad3ba13aea0b76f8aeb,Success,3.13s
0x2075F57bAc376aEA78Aaad2e36BC3898723c406d,0x1d6f308914ce9b1427d4c65cab5a0c7ceb7051bdad07b9e39720b84a52b4bc6a,Success,1.82s
0xcbCF020435EBc93749577178c99ab3e38420b5D5,0xe56d1faeddede2643864887f69e7c2b099b15479f5183417a81df3fc63cb7cb4,Success,2.69s
0x1925962Febaefb622E703bbc2Df086B2B1F56C1d,0x894ea58add95ab5736d510819aa8bfe333e2f3c4814503e5f0dd990ecc4232e0,Success,44.51s
0x4cdaAd86F59Cf95FB85eA8539cF9628DBeC7ea4e,0xc47e01478649fbb1592d3b5cc42e890ea188f3f807ff58bdf3057918cd485e53,Success,22.20s
0x3222963c372b3Dd8aaA049C921f0295D419e170f,0x451832b2ce17658e5d0abbac9c508fa3d53cd42b1027e334cae2c789a30c6a03,Success,3.59s
0x1E351cE0bEDa2e48820ddE8796baDEbA22523F7e,0x172e46f289996f6a037367891bf74489893ea947b3d82b479083d1089252e513,Success,2.67s
0xee040921497A503a6bc40bf55aa3ce77d8a92B8E,0x4c41dbbbfde5d5bcdd752104e5f7624a7d3bce6610f21f3ff70fc4d9f5e03c03,Success,7.04s
0xaDDc918b277588Ae4E67B4068AA64B72C71b9B97,0x4160d33b280c1bc613b9cf7dd70a9ef9878a271ef67d35d7ae50dd963726de81,Success,2.90s
0xc36B8261fe9A9867c88CFa37dF67042E2C32169E,0x1c3735de1c1db2e4617d06932ef1ee0613bd9c97f5f017441298e5d7938dd80a,Success,4.22s
0xf705c2A6BF9e954F44840d8C4185A38bbEd2a276,0xd2f1e1ee053e8e5d9c750e863e10477f7967cfa2f76f0dfd5c6029e9a583c90c,Success,34.66s
0xc89C66063e27378103F29F7290bEC4bABC4e1394,0x3387cd26fe86b3c5960bf4a4f34cb606eebf7c3a0447b01f93715d02b4f5c59d,Success,8.21s
0x2a4150152eBDe818BC607216043167e8402142C2,0xa937ac97de70a665d54185d628dddba5bfe638ec0b2d44b1adfe7d748fa75fe6,Success,37.29s
0xc43aC443F0a14991b3e209818bAA5477B3ff9249,0xb3138817e0bd128e9e71af1f1a6a4688ff9c86a60bae232e4270ea6f5c7bd3a3,Success,6.76s
0x69974e98F0c4Be9Ac5cee517d3DdFE80d847c8E8,0xd85d82733e965dd23b8df46888343ddc0f89c4deac389aceb6658547da160730,Success,6.81s
0x2c78EEF3f6e4C29F186aB530dEf8b8A642dEAf10,0x4a52ca3f3bc782f1c5992ca1af6cb9ca8eeb4f924a73a1f90e7fdd2230af4d68,Success,37.09s
0x987ba3772309F18a2c075f5f2acECC53f94974c8,0x4992b7db484bd182427288caed0bc72edea829aa4fa2d7f05862c480bd1828ea,Success,3.78s
0x36780296fa88B1CC671784cD54952520184fDB9a,0x5a2a60bc2852b92e62e1356fbcb22eb21d93c5e7dfc9241cb274033d35861bd7,Success,4.75s
0x24a9533083bB386951E6a47Ae1396fE27F1a943D,0x1be53cbe21288d040f3cae9f58f1ebd6c49bbb957df0285b4bbeaaf82e35db3b,Success,55.20s
0x75a616F637573B5B1ff38212236Fe96C83ab48A1,0xdc2e3c73ade6f9c4ba785578fb14bb066929731ce255245ffbe1f2e615d79053,Success,9.34s
0x4EaEFb0e70Fc52e751a3711e3ad79a8B60Db5dFF,0x1205121f4cd6f32d7f56ae6d1641ce52d3905fe8aa4c3f0b43aaba46c629e008,Success,11.14s
0x735400C99EFBaF8Da5cFe93494ae01B374608101,0xba9085299317b1a03baf9e684cc972ff95944b66b6d3f8c28b2e9eb05d14041b,Success,11.96s
0x70e573A4b4928A8867429c55E9A28148c6A2e39F,0x949988916df2dd84990d1e51fb1ece9f4f2c812c8ebfea81046b8a968a4be79a,Success,4.39s
0x62581A4c23743d85EdCa5b130cc3cbDAF63B48ee,0xab7910c5f861c24ff97cbe9080ecd20d74bddb250457306e08ae76102e90da40,Success,1.85s
0x0B4a2e3647be1B41D1fDC13F3f7d6e16FCff893C,0xb651472bd392ac709394d34fa013e2c82f75f2e470eac7e3edf84bafc7aedd44,Success,7.26s
0x68b2363f3f6D341061331597B348398F20E2EC9C,0x6766f8771a5a05d82e04254121c2760e7b99dd8ac9c39c937c1a59004ed07135,Success,1.82s
0x1CE6Aef6330a26e0BcE61814488dDFB3Cc5Fa9ce,0x135472b97177f09cb8f12ad05ea14fe39e3ec677ac4c2f66621bedc91a283c07,Success,12.36s
0xE5dE375fad779AFeD9da13614bA92F1c37D863b3,0x692ca7473abfd608341c13dab6ebefbceb844980c5d4c08034366784ade76f06,Success,1.85s
0x5Ea82b04AFF8B27E593A7dF7452Ecc1b6aBaEF56,0x2bd6060e631c5a94095d5aff41ec211f0644fb6c8f7069fdd707f47b3efc3bd8,Success,6.66s
0x53E97ac6d6D9cb8D43503D7A470e103788B77910,0xa8dbdf16c3e1cd6b1d274644a5e1b7d1250b09a5930c09bec56f0212a3611e0a,Success,9.45s
0x9bf903AA51d63df5168dde3B0C46B26135213931,0x6ff6998cb6328b0dc527e31081155b0295a7e4193c741e9dae7de63e72ce828b,Success,1.88s
0x1f6ab68182954D48295357cd9B8053ADb13Cd0D2,0xb8a1e85169d97bf4cdd2546c2274820c817242d27f2f47a90e36d4bcd896df80,Success,1.89s
0x44503f0Bf11cc255e998F3571dca353702e6f6b9,0xb98812b9fc0ba85727873016937704c3ad24da7653a87aa01caf34b3444ff71c,Success,3.13s
0x7e2C139dFE0e92F2D24e2f635F95eb78d6b210a6,0x62a2e1e059f8c6eb3cd0f31aad622ff864b421af4c46c9f09725f76cceca5505,Success,21.83s
0xF9FD1E45D21E92eb62028022353D77B3b1493ED4,0x4e9667c35ca62941797cfcd1ca25df62cb1a1e66947fb609ea5b28dfaaff36da,Success,2.64s
0xb917e61E653829807799A0a574922847dAaF5819,0x3d3bb04c329bef6db9baad8fc217f381e0294d57c2946b72463c991691e39d26,Success,3.01s
0x162F0447EA0e5F4c3ffef51b4A83B89036F26fAf,0x983523e755da4ef2eba9436a9362b98070c95e172d8ee1fc6e77f7ede1cc4eba,Success,1.85s
0x048f24Bb6405aE21A302d88d14a51d60397e613a,0xf7ec81b8b25b37f5162b0aa7d1894a2ae8784064e2b01c3752314141245b2efb,Success,3.25s
0x28B736F0Cdf100a98c8a839b054EB8158947beA9,0x0fa8589efbc6e0d98bbee7a3dc99976f11c1ac1b9c8728ff8e9c2362856bbeec,Success,12.84s
0xAEEfA8b4763eECd2a6D5fC06612cB2100276A7B9,0x26168995b8b2399598d90d3a21f1a35888ddec279a54ae14a23a59c40f7ab430,Success,64.72s
0x2C696751F0F55256A280c2F154899F3BC43Cc45C,0xf8050f24c949a4d5e178f873fc16fca34bfc6840951baf78bf00e6247c95a24a,Success,1.75s
0xFFb0400ef0541954d01E639E5A6f7F1369632aac,0x97c36d6e98c24642caee518c2f8895badcc863e83ad7a466bbf4a21f30ed9d7d,Success,13.33s
0xf7Ba220107758545B92A9908942c61E445064637,0x302de6efb995fb093023daec617f2ebfa597f1a7919ca6f83b0e983308f045b9,Success,5.25s
0xc36B8261fe9A9867c88CFa37dF67042E2C32169E,0xbdcf148e8b38012ff02ed19be01c3f005e1e4526ca69a253381e81c24fe48200,Success,2.08s
0x28f514b85E9C56375d19d4CA4A2a2F6b168460B7,0x7a80802274ca77582602d0a66270ba33221559a25a383bdbe65cd002cfbb1e97,Success,68.79s
0x6a4839A8084Ce88e2347015AfcE07d789c828793,0x6e66204565440751dce6ff80285057cbf7aeff71b7b1e8d6d8e55880e342706b,Success,66.80s
0x763fddE65737B6848A6dd9121E73Ab0dCb7132cc,0xe5dc3ae6151756b79b78fad10951496ab46692125c57c41629157e27a705acd6,Success,1.92s
0x1Db7Cf909F0071F3B6BfEe8e19ff74D00af090E6,0xf43c48926af2e757fd78ebb168c77234f519508c53097093fa636e1f4929b10d,Success,3.15s
0x1D91eda5F4cC0D88e610C5c38AEB9c80E55b413f,0xe627b9094062d01606b8c6de63e0f32036a72be64c2c137a182f86cd33730105,Success,2.35s
0xf0ad7a928d9D2D07c19831BFD716d8C9E014305F,0xeae3747f160dc97d1d44fde121eabd814c9997a4df0f3a90d84e8c735f185db4,Success,69.66s
0xa58AD2e9cD83ba8Aa0EbF0dd38e605f89BD88213,0x67d58b80749406a5fa4d88895784d29d97473a2f30a0a04712eb323a1ca2c7b9,Success,3.69s
0x3976b44612E295d092478bAb8d25a4DDC19fF034,0x754b11962ea756282faf9a15a90701f24c40b1775e44d160a15d2e7ac1150f95,Success,3.97s
0x1CE6Aef6330a26e0BcE61814488dDFB3Cc5Fa9ce,0x376f37b47f6f53d1f502c21a7b66a63f409446219886513f8fd1a7899d356f7a,Success,3.51s
0x783A84DC99A2691F94aAFbFBCf7174C0A734A4ee,0x9621b2f974dd215c689cc2b8b05d30686deee7798c8b0c75a3ff60867fa896e0,Success,21.50s
0x986C76fea06E30b73Ceae5269515F096019abB24,0x0f787857e535eb1e1e9c353ddbf1bd69afe173350f61909bb3918360af1ffd6b,Success,5.90s
0x2b7555d6149e6C785d172F9C7f79bF39a12bFD66,0x8ad1fc047aedeba63f8dc91b68bf295f9d60873bec7d1268a8b898e9f88be9be,Success,22.05s
0x84efcc2f9147cbA1b17777Dfa793e761aE1aD84A,0x84fb64c7054724af468b94b3b8089ff0fb69edee3a08f9e056068fb2da5b4dcf,Success,21.86s
0xE023D2aeBd6b60974f69C35f51a1b16439599292,0xb101264085509c90b4ca539dfdb975e7e910175a0dc7d643f4e021cb6cc2e9d8,Success,6.04s
0x152921dF824F623efa2454700CEF38922A8DaA56,0xfb292319ab0fbd25a12d02fcf131d915d452f739eb80879120b05cd5a1585f16,Success,1.85s
0x51E0f7689710a84CfDb046944Faf030B068E539d,0x47640ec5244c96d2a422077b2654e8de10df60dedadc960155e3cabff8c9af4e,Success,77.13s
0xC1594e662687ca4b8F7bbCB3e89B6C7533F6288f,0x54ddcaf2ec2aa0ba86999969d088ec138ca769ce4134d1fbbd12857813abad8d,Success,1.83s
0x68974CED7228dd1850626dB2ad593f62A9343210,0xbcaf127ed5af690cceb3bd4d02cb37bc32aaa0db666479ac969fc8e784d29499,Success,7.84s
0x09fED33DCB02864A6E4DBb2805f354905Cd03aBE,0x516b886eecec854266dd6e8354593bc7c7d19d57ebe345e609af9958a02742f0,Success,1.81s
0x648Cff846fC08b867a0903B9bc4D4aD3f0879ebc,0xf62d83ce3767e41dde1d5c9fa87ba4d5cc32963f6b1398721d424363a0dd26c7,Success,7.15s
0xcfc85125E7B4F1CECcE8821F0E5304113449D633,0xe9b25f19463cd88d3e29a2269b3c48156bd5d49b8b09086d9afac5004850cdc3,Success,77.81s
0xe5e655893979e5E2683cdFca3dF3397dc046694A,0x554eec30dde62dbae764da66d826b2e8e9f28f321117f3e71b2dfa45dfc08ca1,Success,1.78s
0xbB2d5D76810D689Eda0066816caA545f2d295b57,0x517b8ecff51cbe65c5f0ff2e8397a2cf7f62b4b2752f02c643f2a1c1d2d5a694,Success,2.06s
0x78FC34492F36d0cF447f1BA623263F1190354c16,0x5f551405d90931f734b7c201caf330a68127dda28c76e331d862236b64e997c7,Success,33.31s
0xb545c26315B2C389712C2DEAaE005bC23FA26cc8,0x738709f0b52e3bce05aeb142d9082782c8544b35b806d9f491b00d12bc3d1873,Success,36.13s
0xFA8cf8658f9e9e174859F04d23Bd6b66AdaAf156,0x6a9c480e5717e089eb03af8912e7803de31d6302af59738485dc7800955bf2c8,Success,2.44s
0x2dE78402Fe240AEEEA74aAA85e436A3AC8Bc6821,0x5c9962ecfe643b8b6b75335e9b81e05f099a1393fb5ab19ed3707071f0bc9297,Success,9.44s
0xe340F68210E9D66c93C43D5D7265F318422c2a9b,0x9f2bde1da0ff2b2a0b7a0409e477904d3e73ccf40c3e5bb8d5b2b68ccee2f003,Success,37.87s
0xc5e31E40b21A38F64100d3013D72C2832EE10214,0xac0bf4c8ec5d32153bf1bd42081fe1d2334071d673c590fbf7cecc0b5757db83,Success,37.37s
0x3140984D963762f98Dc9b60359032264Eb37D7Ed,0xc7c19e82f6c34e61a22521d90d1ce4e69facb2880f1947d553f9e7ec8c1f034b,Success,3.97s
0x6692040Fc9Dd93801d0842136d25241064481862,0x898754d835b79c567fe3c838d85662cafb3764c0689f255abaad3b2281ae4cf6,Success,3.62s
0x5d2C4f811A440032C46eC2ebFCA0c5c1b5921163,0x62a9d86769edd8ee463762a16a07ee6a82f92aa0ae38c4bcc17fee71d38aac36,Success,1.89s
0xAF460beF0d9786450414d8b2623049c4C6B79e41,0x432b5aef95b75cc618a0ce33c5a64c952d9ec2cdcb197f935f5bab194bf23fdc,Success,4.27s
0x85fB3567E217eA90F74352Ff94C715f38504DD9a,0x9575f4fcc3e97e67ca3fd4a00af3c1fbdb92c119dc877d31f4fafe125c2aaf96,Success,2.25s
0x1701750A7330CAF10099375c4acc94C3B12FC28d,0x354902832e1f14ef560a17ef9e2f430a6c878f76eddc05f1a46fdb73b786d258,Success,4.33s
0xB44EA157829419866602f21d38C1CdC324a397fb,0xe1a4a06d860c58867196d31c746d689bdb2588f825f14c2f93f424649485688a,Success,4.46s
0x8115A880EdDb7f21c53F92E27a0Fd0B70559F0a3,0x702b043ead35c74593c9bb5e006d18ce36bf70e5288b6c44c27fd0c52afd4b3e,Success,2.95s
0xC3d17942068bae54AF30669bf4e323E76B5E7868,0xc7b813984c691fdf23291ca4145d5c5f457a766b4b8cf82ff1ac050c3802b30a,Success,4.62s
0x70e84a718eBe2A33b7bC239Be5F3211cA394eFba,0x1325188c0cba09c3fd4ee5bf234aad05aaf39d737e40ff9f5604971acebea1d3,Success,3.83s
0xB7c3e0911056814b53978C140CC7FcDEfeDDa8ed,0x2061b06f8c97f1b83b58a9f24131e046662cb8e12a36d4515e35d6d9339dca56,Success,1.86s
0xC98c7FcC03C1339f117F986D662e504494C664fF,0x10d504ff1f96e42b468673f2e5000a7d00461cef19adfad5daba00fba816a1cf,Success,1.82s
0x3256117adc25774b4aa3b38254624899Ab1432e1,0x9a27f613958b3465e365cbe1d0924dbd26ee79f73e482fd8c054960e36c8625d,Success,13.77s
0xC1594e662687ca4b8F7bbCB3e89B6C7533F6288f,0x1ba93868550902360e5e2da61f45c603e42a7cb2631b9b5c1861e72131ed8384,Success,4.29s
0xab617154fC8fc627c9Dfc25AF9Ee19852b648f3A,0xfd3f13246523ae84b8470ba3b7ab54d41f4546264644f34dd13bc65f1056c167,Success,2.57s
0x15f159434031a39196bA34b542fE0dcE0a432eee,0x6cc2d7e6d9986f8aef48fc284fb1615aa9e76343e59799e879436f655cf08329,Success,3.48s
0x3371620AE6EfE609b12E620495feCa30F25A5E10,0x392d54a19340c05b8a21456f3d6e31622476a985e7dd6055cbffcb12e89e4df3,Success,4.59s
0xa02E055037Ac634cB5ce47bB8A3E6838e1D89580,0x25e935d388db6a03e8511ac4b9b05a2b27be0afbd907a17131110055e6eb84ae,Success,1.95s
0x542266B229d99C680C77fF7896707d6c702b35Df,0x84e22329021b03dca56d8a38d4e1f7fa5cd31cb57636361bd3af016e52b9ff7c,Success,39.21s
0xf98aE66ccb69E6e7721e74F00c8a65b2821ECFBc,0x6f1c2453eaee16c5c9d1155dad052c9334b7fc195ba6f0bb2e139f8eafa37395,Success,5.87s
0x472853A4D3F6E10080a1a3c32e538D583a3263f0,0x15543d3a8748b2ee8ea823cd79fbdb5e13c6a14fc15a92b0df1690d377f22b5c,Success,7.47s
0x95f832B63f4977eff07df2cEf0279b20E8394fC5,0x166b73db2cecf76b07bc2b9721ffeca297b0c5db6109ce820b0acff4081ed0e4,Success,6.16s
0xe09E4ec16Cc57E8E8824dDa9cb4655a8Da1bAF9C,0x69cc0ac4d25defd816af2e6390c3e0e92fb90fad4fa2c974863e7aeee30cac09,Success,2.94s
0x6CcA786B8Bc8d21cAE5b0955f06E056E9955D68c,0xbece83fa6d8a74a148ca5ae7640d8a5192cd91505a894ccf0709d3c0df357082,Success,6.93s
0x4B8356fA4f0438c81905eE76860d671a4b79831f,0xfe7183be499d0dfa29e1f6f292e53420f391227060e9705615685dd4f2235578,Success,4.54s
0xc3931b47228d39B7a0b3bB23Da37A24b9485aD52,0x31517d7decc09f87bba0d15f2e206c82e9ff357cbfcb27ecb795f86929ed3f75,Success,7.71s
0x970de84c4F1E2e539D8D7211ed24a9B06CC56ac4,0x0b87f9573389539f965b7ee2ae7213d2b29a88b9250460052c9ef7d7f0a54004,Success,5.70s
0x505000973F4374d7137601aA69d588eB9998bbDe,0x504a5c556d11236c2a15cef4b213e42db84fa70f95d7daf2071b14fbf07c81c3,Success,5.46s
0x32f4026556E9c198c25B19F15a53F23C7dCedCe5,0xca081df83c19832195b822e0cc60278864019422f75f443a0fe472176ceb48ce,Success,7.35s
0xdf1D36B6d74D3C5d8195Fb8aD0E6B00eFE69EF70,0x9ab7cd702c194c5a5485a0c2b36ef9593a7c025146f1e80615d40c994ad2c293,Success,8.66s
0x0984d272a3B054BbD2Be040F4c67B543194595ee,0x9029fb8ef9ad3d12ac1f6b9d0953ad8a7ac496135856c6b740d4e4c58a37fbdc,Success,9.47s
0x97c6CeaAeA93BEbDd6Aff8111B7Aa3aFF01525FE,0x64827fe04689e3ba5c59932097948f9e61dab7d8d6556cc8bb6ee350c5d80605,Success,8.58s
0x984A118ff9482536b5e35F8dF737eb287eaD6e50,0xe205bed09e0c8f1c8a26484f9bab86d7ba0f9b5a6c931953abb6c039e24e2549,Success,41.92s
0x356CA6b35eae8B0Ad9648C53017AF18d6358C72f,0x494fec993116ed7a0cf881cd44cb96f8ef5092a231b7cfeb7e1a6853b48fb243,Success,11.98s
0x9b9Ca7522907C5Cf58a1bf82B67b592EC08AF7A8,0x5a64863deabf3379652829437813888199587d50c7561e691788a965a7922c53,Success,9.96s
0x0E66A5d4ED8294B65a086aC850F11199666020C9,0xdd920cfdbac33806853e2dff204f15d49d1fa0811ab8182d2bf6fef364dcffed,Success,6.77s
0xD78FaB5973B25B499ca38345e33c63897Cbb35c1,0xf37d34fdfd1cb791ff3e23029982f4fdabd5ccafca06c8531e0ecbd4d9bc4f97,Success,3.83s
0x6Cf268885047275085a944d75e86A8274ba14801,0x18a7a73f7c1fc556abc41f9a32300bf9bc069006f7ecceed1e26bf7d6fd8af29,Success,2.07s
0xdCEF2eFE0A5f996877d944aB89A4746A2EB80363,0x1e33377975805ce298f53eeb05e380c698004d6b3bc07bd4744514bdc461fe84,Success,2.47s
0xf565E343a2a22de909C2BE83f60890D4F46E7690,0xcd77fbd320554e9669c4a306aefff8acf568e9460a8db7ec829f736b3e8fe912,Success,11.06s
0x654e0ae4cddeA88231E8BDd00ed3E58b2ba497a6,0xc47c84fa4df873a2374a0121104a48d06892ec85423ec71428052e2c3c4fda74,Success,1.74s
0xE1f28334Bf81790b48B9C9540CE8c123C6D9Dc80,0xb374598da586983f19c85b8aac53b306b8f5536a3e895755b2304545abc38cd8,Success,89.46s
0x1521ECbbe613b8f170A7d79f2AC329693AE77c9A,0x14987649596c1e56badcbe9ba1d60653f713936fab17ce7475b391e1dd04378a,Success,6.97s
0x701345f113b949B1DC527a813939a5BB9CA29239,0x99caf3f03f1eaf1e69a590f430e99e161ff63d7f3be3addecf21a5bfecb99391,Success,20.47s
0xFcAA86050e807Cf086EAAb71Ee6493d0be21c1C6,0xbc4004151fe0c7aff386e1bdd7d439ead16660b5183d348f6436fe41554eb715,Success,1.82s
0x206FD4f11e6d4B2aB77C8ECF8039a8acb4C03be2,0x4d0c40bc465b0ee5f472d035e8cf6b302734c95690d5cb089aecd4736f54a068,Success,6.27s
0xf9E6243E42568f92bB2D3D5DFeF2100f09c9Bbef,0x0bbd4cca7f96e7f96ef17bc078d4737b90a9888c44dd2d44c68fae9212dc7f8e,Success,1.80s
0xD7FF8F49b6C05850cFDf5B039b528A3e1B74BcF1,0xed27317fb1227083a67f0144a134396d16784a7faaefa0edf41ece2bd2355a10,Success,7.99s
0x6C3b5e5F70fF1619EF9e69a960a837aB9808Ff50,0x9f7c9fd30633274862dcdd58f51830decfd3a9a407d2ed22a0c78b71da16a0b7,Success,1.83s
0xE023D2aeBd6b60974f69C35f51a1b16439599292,0x7772b5906998410ce90f5453d0e91e68d01622afe41110e2684c47acb5b2c073,Success,2.33s
0xEB4f37661F5F5F3BA6F2828EA3e5E90F9bF240f5,0x9f83de0b79aff1c123b9d5eec58e59e30ce5a9f8bfafd5bb95c5bae292aab775,Success,8.04s
0x8ba9Aa313b999f788daf1d957B99b409b25053B1,0xd28a4b0ad77c4d42cbdb831b20a119c9a2d707f4ea18eea43a3a073509839ba9,Success,2.48s
0xA556F26480b6F2CCB8b8c4ad0578450A8F65cD53,0x170a71c131066bdf2b437e4c010f4cf3e40237d34d898323b0b3dc847762a6bf,Success,13.74s
0xf8147f6Cd76682c2bC6c1873Fc9C3E1dF42fFd26,0xa49361224468a5255ffe53737a224335684153d6994f9ae8ae790f134dc6233d,Success,1.87s
0xcfc85125E7B4F1CECcE8821F0E5304113449D633,0x0c056897181138ee8cc121d2ee8bfb769ca2a035af89ace4f0797798135f3966,Success,2.49s
0x2BB2E85338902Cfc3005DFDb74EfFe0eA5dA183a,0xa6a5ae02226b56562c08b9e228b58259ad0f8ef1fcb9015fb4a6ecf9150fab92,Success,2.80s
0x1d3910161667D267c213Df8dB2e101c81ab592CC,0x2e4b136a911de64942388cca97fbcd5842e4141d10b18307a0db1704441fed76,Success,1.77s
0x47Ab5AD91e2FDe607e4BD32815c5Faefde6Ffae2,0x209c442f438143008c30ae44790cfcb4b4e8e367ceec8247ca43a2bf853f8bee,Success,2.48s
0x2566eb94dd7BEccd4A936DD68571B083B83D47d2,0xc316f53c1fb26b68723eb0b33380a17f55573ddfdee2cd9abfc44a87877fb31c,Success,52.58s
0x6F37b231605D33A74D701B5C5c7FBdcf2934eef5,0x3c9d25540d26d92809e1f8d36aa11839d1f7a09f5c4687a5b748808da2009035,Success,1.85s
0xd61FB96a2d881b1887D206114d4d9A439bC72c80,0x2ad90f256dcddf42ef4865577594f792b06d4853b51ae5197ba2f408975a02d1,Success,2.46s
0xC43239492Ea65cBc3895116Ee353a911CB83Ab85,0x634e2b469e84eeacda371e70bcf612ef746128f7f1d8492121c5de09d90eb84e,Success,1.80s
0x39a92Ac3d1936228D491AD8AdE6F8CEb930EfC87,0x70ad61555de69a390e611fe00082eb4786dd10e425dd770d82671606cd45edbf,Success,17.93s
0x40e9F53b429bE6cDE0be6e4b4b4f14894f61931b,0x914d8ac0d8b26f2ac731334f734b6e575936549ce9af8736a040346077ab21e8,Success,4.15s
0x152921dF824F623efa2454700CEF38922A8DaA56,0x659bfaff1e875bdea712b3a365a566aa0779c2d510d1ef3ce478f46311d98eb8,Success,2.69s
0xE793b17Cb24bde51f99dEf5C1CABa05816eb8B4A,0xc8d89fb3cf40a6b654ee79b3aff85af6dfb6c34754d1a6d49c6126b4b1c9a890,Success,1.80s
0x2566eb94dd7BEccd4A936DD68571B083B83D47d2,0x99cddae61792f650718ab4a6b20025bc0526ad4f625c79241eb7c6fc586a1ef1,Success,1.79s
0x5f4c6162B54308ffeBa2a100924bCf0E78B30f9F,0x1878c9b33e755c4b350fa66edfc4ac652fd10b12d3ceb807fcea8789967a9096,Success,17.93s
0xC7ca1Af37bce83350891D003E2B150739eBc7dc6,0x02ee0d5d8559be94c166d97535298cd8818ec7402671cec3d009605e2bdc35d3,Success,1.84s
0x721f3cB5Be2Ca250Bb1cc16B67916aF194471a75,0xf43700d8ab733109dcf361c4d58177f2ad79f3dd62fbb602096febaad5c8f875,Success,12.50s
