Sender Address,Transaction Hash,Status,Time Taken
0xf0858E4E449F558137946e8043451081723331Af,0x0a4e5aff617a0f469993781b5afba2e43ef647ae218f28e049092cf5b8630982,Success,2.58s
0x85537c89a097426Fe0417f01Fee1a07Ace0531d3,0x67ece70499a284146f3afcbf3d70d625805897d79ec7653aa21b51dee59f610c,Success,2.39s
0x6bECBca273B071B5D856Fde1059c72e45E77bEf4,0x55fd696849edc025d6ed53cd44d4cc03bfc88b148cb2118042471db3e60dc3f5,Success,2.73s
0xeD3069e19Ec647da25296F04F7fFdC5E7756A0a7,0xa89839ccf37d76f98d48f84d6a94939864ef6c92aced188769c9cb47d76d226a,Success,2.60s
0x6e1037cb1526520f4201aB189718a1F7A88d45F0,0x42280a72430c9cfe1bb362679a6b5bab596d211c5c8b9a2206fd6648c5aac136,Success,1.76s
0x2b1853C594d08799D0719E27Ac13edDA3f4eb721,0x3e35f53d04ce698e8d59f9d18fd403208e53b7cefa2fb4643fa00c3995b5f9d7,Success,2.49s
0x05F739d2CFe8C17E084D56e8b52e1a1d1a7E721B,0x8ad46dddd6fbffb5831ecf4da624e4a9e81836912484449b17a1b26445f54637,Success,1.72s
0xb6fD85E4d86566c0887D501ebD698571f6f6b62E,0xcd2fb185f7d1d99f5302255a704193b141fd2d74bb409d4352f28b3a399d5b2b,Success,3.00s
0x3c391d1a8cDDC4330AEd29Aa3D537c46cA055651,0xac28349d9154b4e3d6d3280831e29101402d747f93f1501edf3275b218d562c1,Success,2.87s
0x986dAaE094Eb18795031Cdcc6f48bD146d2E0857,0x9b0eb98d973edb627fc8ca97eddb4561a29ee415980194eb29e674598fb28341,Success,2.04s
0x630e53582c292E7614891076Bf3131D5997D1dBb,0xb20a7eebeda7c6b7ece665e86c9d5c2e18e95603ff6dd6ec29a42bfefa561916,Success,2.94s
0x31aeA53D12d576a1A0cD19aCC3055FB25f375E9D,0x44f0a2259fc5639b12368eaf4b5c8fcf5a6828c5dfec2eed02322fdd2b5ecab4,Success,2.34s
0xAeb3F3537a7830Dbd03987da6317b066d658fBe2,0x4518461315383dd3caa71005395506400807c2366b3607c372e69bd43f439d58,Success,1.34s
0xD8894798f917419f84c23A39202280b7Eeb35ae8,0x868d97511b5931af5c8a28184cceb1f846092b224554f142a8030e0f8d1b0651,Success,1.39s
0x20AfC51939F29e8C1B243eff730C5080eEA1C9eA,0x63f1ffec0781b77091a8d647643d6945c285935fadf4c2c8e9a0d3c4da681870,Success,2.19s
0x35406c922505425072798D176841f3abAF4696b4,0x634beb9262d781fa61c86e6dd7035f71b92eafdc8506176d001409298763465c,Success,1.38s
0xDc8bAF8FC0FeC69d3C3dc96Dd1616e369f870107,0x45b1f0339fbaf93d5702cc424d870fbe253931da6308b5071b787abc3351465f,Success,1.35s
0x60a9Ad6DE05561A32295073348141E6393E78c2a,0xe863364fd2867c72682960121df65842c937c239d7c980ff490507041f382eb7,Success,1.39s
0x89Cc356b5eA646dF9e1e94fe386C4bDa84424C88,0x6596cbb5a121ed7276fba80a385cbc4a51a70877ab9767c113e9f8a0e7576460,Success,1.33s
0xCf75a855fa08433d14307589321A43783C608920,0xfb58b5f865629fbd3335918fbfaa4b5c493840656f5062ac31c7ba5b0b627f2b,Success,1.34s
0x5Dd63bD120EE6a149aD1064FE7E38886e0D38eeD,0x96e37ec93237d4e31db4c1cab98e3fb370e0baeed53ccd229a26102a3fd69cae,Success,1.42s
0xC0E87C8F6ec85Cf80429aE44A8442A1696415164,0xd22ed2b615ffd448d953195b0db0e81cd8088d93e45c878684a81a8dc1c77191,Success,1.35s
0x1e3B08682C158bA478CbDD1e069c033125a61D6f,0x23326ce2015410200d248276badd970820d5817c4391fe1be894250acd1b004f,Success,1.49s
0x090a634270D0C613577Ff02EEE1D700036dC3151,0x7080a1bf66db7c3d1caeaa1368236311c26da6689e01959f1c6186a3af56a215,Success,1.42s
0x09cF20119c1751c94e8eC5b2e57246C093b64084,0xadf16cf466b6da772a1080f2ee9478ede65a6b535c215cf5fce918976f319dbb,Success,1.51s
0x1b186fdD73410D33Ddce963A30f4f14a6e3BA91e,0x4232a06d3d8fc6823bc77bdcd968fa2889e63d7c90f43f180414580c6855b2b7,Success,1.60s
0xdF1d0714951caef0a805ee55cA9B79c306fAe7dF,0x3938033154fa5cd0e88d105a8e6aaac26c79c56a3aa77aa0d75606a4b5a4fafb,Success,1.64s
0x951599CcedDf1B766619Bf5EEd327070E12cd364,0x026b8792f3a33bb403e157e513ea658a33e8f92976776c14500aaf7a7ea651cb,Success,1.54s
0x9FaBca8c5990180e8b7371b8F0033007425966EB,0x657ca947e9648ab77e7565545cb58fa8ed1340f15bedcd85a1d59df94b162ab4,Success,1.46s
0x0DF35A44540484f01062A176A27aDc11141263AE,0x0450bdd4f632ad517b44be829bf9ed56093777cc292c96fec40c284aca8b7511,Success,1.47s
0x40f990B6133F4811a938C3a22bC59eFb670c44A2,0x5e55e16b9a0a2d0b0a61bdcb89a02bc026be694f7f69b3321f1fd7f7f12e227a,Success,1.46s
0x20789f2ECbcD5b82C5931155CD9dFB2c272750A0,0xd0959f8ad03e7fc769f389d417074951c03a904966cf802f4826a055cf7c76ca,Success,1.49s
0x3573A68a088e19527914A9794848adE11d3Af27b,0xf0f9a7fd4fcc7d562492f975f8874e2c8b66d29956d2297b1da248af220a079f,Success,1.55s
0x09317Abc5D5F54e601F7Cbdb2CB2a04262811307,0xa4d535cab5ba6b91c9ee93a4e4c7905d450481e254cd1f3d06635df7c8bf12ea,Success,1.38s
0x95928537111dC1415D536Fdd8868E5D70A00757b,0x013b617a8367c9243ae80c7f3a4092f0f0775a362c78efc59f27287f58876a0e,Success,1.34s
0x176a8F74AF7B9E5547ca94331B2fc2171c8F9dFd,0x5385d576c8f21f746cce8c4c15c0c67daaed883ae7185f0ae02ce9c5e4101812,Success,1.46s
0xFa09Ac3c75F6F9aC20d9468f99a26C08dc66F764,0x83f8428dbdfde700993e5426530f091493588d56e1999f92fa2ec1c23baca788,Success,1.34s
0xcA9dF32cA5b951ea900498099aA48267598784eE,0x6b6fa8e6f88f90b5f1e9b4ccf47ee656a6137422eb6c26c448db4b3ccf2b13ce,Success,1.37s
0x1e15396f86B92F1f7ebA8cD444f7270cB7a8619C,0x3d30bca8af05db35d30313c64c41d673984388ec8e013c6a78c3ee730abafd65,Success,1.47s
0x1BB01a12386537C9Be7f2f1773f5E138f4c8440d,0x46a62b06f5f8b5e2153e4e19b6b8e7372c6f9495f5f951f49e922e437993837e,Success,1.50s
0x37997427498F35656D67DF008ADd7406c06e5377,0x5b545dc6e45bb63b4c7171dd4a50e6b4df1174a34aa7a00eb809abbda2ea04e0,Success,1.36s
0xa4bCD9C662A806a98E8B80579F97d45FD12A77be,0x19cae3cbd6d19e80e6fee35752510f473fd023c439c6cdcb7098f6c3f50d3056,Success,1.52s
0x8BbF7E8635Dba259F3091A0a7eAc6F6288a2F4c6,0x7ad4105a29fee04afcfb03ca1d69cd31939e94adaaf05b734c74f61d042e5089,Success,1.47s
0x33Cf325CAB15a27645A953E9C51B3535899E12C7,0xc50c00dd9df2aad27932751d9842de8e9a4d2c8d5f06f5b59417713f265b48c5,Success,1.36s
0x170c14A8af252c3996EdD678CAd5052387C58530,0x79ae240edfcd3d0978e1e585cf7f0880f4d0f1cf1bb46226fcc0a577ad5b316f,Success,1.39s
0xeE43f81DD51A2A1aEfd6058a1559A74a831FdD4e,0xa7480561dcfdf161443e53a689ef9a8568bea1cf8c60e3361d3e63132adbfa91,Success,1.42s
0xCe0d36217DE2bB452B698595bA1CF1210aa6A8cb,0xae700e0459a14d90fb5172d37f20a9c9000e3a391ad6ccbc452813cef86db6a5,Success,1.55s
0xD7d4b67F3cfDf17339c36b49F5033AdA39aA057F,0xe04de17863d4447f98b2b7370956ab587e5d12244fe30d20ead9615771c38d54,Success,1.42s
0x15313Ca5B79faae2464EA832DcbC4A5800AB0F90,0x11d00f9430d224c1ac9582e628e802493cefeae93877f32af9879c8fa4c54083,Success,1.55s
0x9C4faa2Bb2D288dAA3A4e488b30089054480FA5d,0x2513ba34588514dda1493f2fbe03f15c8ec96f8620c1f8934b55046c83f946c7,Success,1.59s
0x955e03aF575fAcF46f64B3765cac4177fC7D7176,0xc5840d120777524224b2689f1d9f19c38419cb9fdf8806b47d6b21a17f607cbc,Success,1.35s
0x40CF9a73F22ad4aa2a17a3d79d866f16890391D4,0x51a75a1155f64bff393828aa5cc96c90b96f45377a23bad5dec1bf344b19be29,Success,1.34s
0x07D1548B965ef47040086d496A740F5977f753f6,0x6bdca40805b54cd39837d6da2191fb4957310127d8ffd59c29c45bdda62b62f8,Success,1.39s
0xfe808A3b0dc093ae8FD93F0Dc8763Ad000c77FF6,0x6b0de1b88133e79c4204c1cc0108b5dc9fcad19627f582e7ea24809added5752,Success,1.44s
0x39915636E265336e6FC6fb0C67f5999C1508410F,0x0bf0494b8db7454f3824fe4557183dca813bd7517c64bd7d19d95e98a927b012,Success,1.32s
0xf709b3fF8763df0ba73a868380e28Bc83F7796F1,0x8d63beb78b68da8c8fe546b3f4ff0343229c36e28d239dfee3438e6ddba7a21c,Success,1.39s
0x75257395D8b963cE873DABaDe952CDfec3308D48,0x990531834ab24e0b0d287fd03e68fc79a0e1d348bed2cbc862e85dff22c9aa7f,Success,1.44s
0x9745c291BEb65AF91B1BB9b41Abe5Aaea4585a8a,0xf2b852a9c6f80cf4322701270241a8c137189d3e5a14e7a454df2b0f1435855b,Success,1.42s
0xf331b2a02b50394B87238dE677b932eEf12b489c,0xa5a2b4ce66910976dc204757e31fa1296b8f8803b066a86059fa997682592290,Success,1.47s
0xcada9b7E92E87f35d4E98D9FE6414e59a4F6A74A,0x5301c46cccf5a4a7176b7ca214603d28b306e4d571269c2f4cc61ebed96164e3,Success,1.54s
0x67da628EaD465f0623Fabb9d1C2BF41f17eCAeC1,0x386f3c5f5cc1e092ac79b53318d93e8b770235c5a64f892084f06c6b23f8f375,Success,1.36s
0x2CdbFbF3dCaF06d542dA7caD29A0901A5A723831,0x2dc92c0b1b5153da44cacbeb58ac4e74216fb742f943161f1762011299bb294e,Success,1.43s
0x10Aa2e06fdb71e2D7432a974B9Bf51C57904139a,0x4b4ee462b769865f286e6f57185838f63e2ded3adcb58daf7148c5b13619831f,Success,1.43s
0xc095fe3949d9dA7BDa7c4d1BE7ab12eaCf72de99,0xa90ab943654aff883156f53cf9a89ac94d99394cd81f0be92da99a3795913147,Success,1.62s
0x40d7335808A5427C7C08a431340C201BbAE79F91,0x4d3cce263221c4b17a3ce5ef587faa12b75645b60cc0d9088ca8ad972a9ef891,Success,1.65s
0xdD036Ca6454d807D1b5cdDF084f54349aA039F7A,0x57e4eeac802a0f86f641a9fbc082a2f18a7b2815a23e82a31a6d8d0cedbe389e,Success,1.37s
0xF54E789287aeA062E0e07305D975dbbE79CE1e44,0xca2a878e0c233c61c78be63c915a79d2c5b726b70def34c16e882e730f790b91,Success,1.54s
